tactic,new_processes,new_artifacts,new_sockets,new_edges,socket_fan_out,graph_density_proxy
CandC,7.333333333333333,0.0,0.0,40.0,0.0,1.0694444444444444
collection,140.16666666666666,0.0,0.0,233.25,0.0,1.1113606933631661
credentialAccess,5.75,0.0,0.0,81.25,0.0,2.054669784580499
discovery,5.555555555555555,0.0,0.0,31.11111111111111,0.0,1.2271611237087425
exfiltration,10.666666666666666,0.0,0.0,38.0,0.0,0.3700382653061225
initialAccess,3.0,0.0,0.0,28.0,0.0,3.111111111111111
lateralMovement,6.0,0.0,0.0,37.0,0.0,4.69
normal,6.432993197278911,0.0,0.0,34.202721088435375,0.0,21.08915241661682
persistence,13.0,0.0,0.0,56.0,0.0,0.33136094674556216
